Tipo Equipo,Proveedor,Marca,Nombre de equipo,Codigo sap,Color,PrecioFacturacion distribuidor (con sim e IVA Incluido),Precio de venta al sub,Precio de venta,Inicio de Vigencia,Fin de Vigencia
HANDSET,DOPPIO,DOPPIO,DOPPIO 3G F1811,70011646,NEGRO,$188.30,$139.00,$269.00,11/04/2025,09/07/2025
HANDSET,SENWA,SENWA,SENWA GSM S301A DISCO,70020267,NEGRO/ROJO,$188.30,$139.00,$269.00,07/10/2024,09/07/2025
HANDSET,SENWA,SENWA,SENWA GSM S301A DISCO,70020268,NEGRO/AZUL,$188.30,$139.00,$269.00,07/10/2024,09/07/2025
HANDSET,I MOBIL,I MOBIL,I MOBIL GSM IM220,70015844,NEGRO/AZUL,$209.30,$169.00,$299.00,14/06/2024,INDEFINIDO
HANDSET,I MOBIL,I MOBIL,I MOBIL GSM IM220,70016532,NEGRO/VERDE,$209.30,$169.00,$299.00,14/06/2024,INDEFINIDO
HANDSET,I MOBIL,I MOBIL,I MOBIL GSM IM220,70023953,NEGRO/AZUL COMBO,$209.30,$169.00,$299.00,14/06/2024,INDEFINIDO
HANDSET,I MOBIL,I MOBIL,I MOBIL GSM IM220,70023955,NEGRO/VERDE COMBO,$209.30,$169.00,$299.00,14/06/2024,INDEFINIDO
HANDSET,SENWA,SENWA,SENWA 3G S305V20 SWING+,70017600,NEGRO/NARANJA,$279.30,$249.00,$399.00,23/12/2023,09/07/2025
HANDSET,SENWA,SENWA,SENWA 3G S305V20 SWING+,70017601,NEGRO/ROJO,$279.30,$249.00,$399.00,23/12/2023,09/07/2025
HANDSET,SENWA,SENWA,SENWA LTE VOLTE ,70022258,BLANCO/VERDE,$349.30,$319.00,$499.00,14/11/2024,09/07/2025
HANDSET,SENWA,SENWA,SENWA LTE VOLTE ,70022259,BLANCO/NEGRO,$349.30,$319.00,$499.00,14/11/2024,09/07/2025
HANDSET,I MOBIL,I MOBIL,I MOBIL LTE IM421 ,70023390,NEGRO,$349.30,$319.00,$499.00,18/04/2024,INDEFINIDO
HANDSET,SENWA,SENWA,SENWA LTE VOLTE PLUS ,70022260,BLANCO,$405.30,$389.00,$579.00,14/11/2024,09/07/2025
HANDSET,SENWA,SENWA,SENWA LTE VOLTE PLUS ,70022261,NEGRO,$405.30,$389.00,$579.00,14/11/2024,09/07/2025
HANDSET,HUAWEI,HUAWEI,HUAWEI LTE EVE-LX3 NOVA Y61,70021256,VERDE,$749.26,$779.00,$999.00,06/06/2025,16/07/2025
HANDSET,HUAWEI,HUAWEI,HUAWEI LTE EVE-LX3 NOVA Y61,70021257,AZUL,$749.26,$779.00,$999.00,06/06/2025,16/07/2025
HANDSET,SENWA,SENWA,SENWA 3G S50 STAR PLUS S50,71000114,NEGRO,$749.26,$779.00,$999.00,30/04/2024,INDEFINIDO
HANDSET,TCL,TCL,TCL LTE T610E 40 SE,70022402,GRIS GRAFITO,$749.26,$779.00,$999.00,21/11/2024,INDEFINIDO
HANDSET,TCL,TCL,TCL LTE T610E 40 SE,70022403,MORADO,$749.26,$779.00,$999.00,21/11/2024,INDEFINIDO
HANDSET,SAMSUNG,SAMSUNG,SAMSUNG LTE SM-A042M GALAXY A04E,70023704,AZUL ESP,$974.25,"$1,029.00","$1,299.00",16/01/2025,09/07/2025
HANDSET,SAMSUNG,SAMSUNG,SAMSUNG LTE SM-A042M GALAXY A04E,70023705,COBRE ESP,$974.25,"$1,029.00","$1,299.00",16/01/2025,09/07/2025
HANDSET,SAMSUNG,SAMSUNG,SAMSUNG LTE SM-A042M GALAXY A04E,70023706,NEGRO ESP,$974.25,"$1,029.00","$1,299.00",16/01/2025,09/07/2025
HANDSET,ACER,ACER,ACER LTE AX61 ,70023535,NEGRO,"$1,049.24","$1,119.00","$1,399.00",09/05/2025,09/07/2025
HANDSET,ACER,ACER,ACER LTE AX61 ,70023536,BLANCO,"$1,049.24","$1,119.00","$1,399.00",09/05/2025,09/07/2025
HANDSET,ZTE,ZTE,ZTE LTE BLADE A33S ,70022437,AZUL,"$1,086.75","$1,159.00","$1,449.00",20/02/2025,06/08/2025
HANDSET,ACER,ACER,ACER 4G AC50,71000120,NEGRO ROJO,"$1,199.25","$1,279.00","$1,599.00",27/06/2025,09/07/2025
HANDSET,ACER,ACER,ACER 4G AC50,71000121,BLANCO/NARANJA,"$1,199.25","$1,279.00","$1,599.00",27/06/2025,09/07/2025
HANDSET,SAMSUNG,SAMSUNG,SAMSUNG LTE SM-A047M A04S,70023985,BLANCO ESP,"$1,199.25","$1,279.00","$1,599.00",14/02/2025,09/07/2025
HANDSET,SAMSUNG,SAMSUNG,SAMSUNG LTE SM-A047M A04S,70023986,NEGRO ESP,"$1,199.25","$1,279.00","$1,599.00",14/02/2025,09/07/2025
HANDSET,SAMSUNG,SAMSUNG,SAMSUNG LTE SM-A047M A04S,70023987,VERDE ESP,"$1,199.25","$1,279.00","$1,599.00",14/02/2025,09/07/2025
HANDSET,ZTE,ZTE,ZTE 4G Z2466 BLADE A35E 64GB,71002168,GRIS,"$1,199.25","$1,279.00","$1,599.00",03/07/2025,INDEFINIDO
HANDSET,ZTE,ZTE,ZTE 4G Z2466 BLADE A35E 64GB,71002169,VERDE,"$1,199.25","$1,279.00","$1,599.00",03/07/2025,INDEFINIDO
HANDSET,SAMSUNG,SAMSUNG,SAMSUNG 4G SM-A065M A06 OTA,71001406,AZUL,"$1,439.20","$1,559.00","$1,799.00",03/07/2025,16/07/2025
HANDSET,SAMSUNG,SAMSUNG,SAMSUNG 4G SM-A065M A06 OTA,71001407,NEGRO,"$1,439.20","$1,559.00","$1,799.00",03/07/2025,16/07/2025
HANDSET,SAMSUNG,SAMSUNG,SAMSUNG 4G SM-A065M A06 OTA,71001408,VERDE,"$1,439.20","$1,559.00","$1,799.00",03/07/2025,16/07/2025
HANDSET,SAMSUNG,SAMSUNG,SAMSUNG LTE SM-A065M GALAXY A06,71000431,AZUL,"$1,439.20","$1,559.00","$1,799.00",03/07/2025,16/07/2025
HANDSET,SAMSUNG,SAMSUNG,SAMSUNG LTE SM-A065M GALAXY A06,71000432,NEGRO,"$1,439.20","$1,559.00","$1,799.00",03/07/2025,16/07/2025
HANDSET,SAMSUNG,SAMSUNG,SAMSUNG LTE SM-A065M GALAXY A06,71000433,VERDE,"$1,439.20","$1,559.00","$1,799.00",03/07/2025,16/07/2025
HANDSET,HONOR,HONOR,HONOR 4G GFY-LX3 X5B 128GB,71001515,NEGRO,"$1,499.25","$1,619.00","$1,999.00",04/07/2025,06/08/2025
HANDSET,HONOR,HONOR,HONOR 4G GFY-LX3 X5B 128GB,71001516,AZUL,"$1,499.25","$1,619.00","$1,999.00",04/07/2025,06/08/2025
HANDSET,MOTOROLA,MOTOROLA,MOTOROLA 4G XT2523-2 G05 64GB,71001975,MORADO,"$1,499.25","$1,619.00","$1,999.00",19/06/2025,INDEFINIDO
HANDSET,MOTOROLA,MOTOROLA,MOTOROLA 4G XT2523-2 G05 64GB,71001976,AZUL,"$1,499.25","$1,619.00","$1,999.00",19/06/2025,INDEFINIDO
HANDSET,XIAOMI,XIAOMI,XIAOMI LTE 25028RN03L REDMI A5,71001946,NEGRO,"$1,499.25","$1,619.00","$1,999.00",20/03/2025,INDEFINIDO
HANDSET,XIAOMI,XIAOMI,XIAOMI LTE 25028RN03L REDMI A5,71001947,AZUL,"$1,499.25","$1,619.00","$1,999.00",20/03/2025,INDEFINIDO
HANDSET,XIAOMI,XIAOMI,XIAOMI LTE 25028RN03L REDMI A5,71001948,TITANIO,"$1,499.25","$1,619.00","$1,999.00",20/03/2025,INDEFINIDO
HANDSET,HONOR,HONOR,HONOR LTE WOD-LX3 X5 PLUS 128GB,70023849,CIAN,"$1,649.25","$1,789.00","$2,199.00",03/07/2025,06/08/2025
HANDSET,HONOR,HONOR,HONOR LTE WOD-LX3 X5 PLUS 128GB,70023850,NEGRO,"$1,649.25","$1,789.00","$2,199.00",03/07/2025,06/08/2025
HANDSET,ACER,ACER,ACER 4G SOSPIRO A62 ULTRA,71001491,BLANCO/VERDE,"$1,724.25","$1,879.00","$2,299.00",24/06/2025,09/07/2025
HANDSET,ACER,ACER,ACER 4G SOSPIRO A62 ULTRA,71001492,NEGRO/VERDE,"$1,724.25","$1,879.00","$2,299.00",24/06/2025,09/07/2025
HANDSET,XIAOMI,XIAOMI,XIAOMI LTE 25028RN03L REDMI A5 128GB,71002186,NEGRO,"$1,799.24","$1,959.00","$2,399.00",03/07/2025,INDEFINIDO
HANDSET,XIAOMI,XIAOMI,XIAOMI LTE 25028RN03L REDMI A5 128GB,71002187,AZUL,"$1,799.24","$1,959.00","$2,399.00",03/07/2025,INDEFINIDO
HANDSET,XIAOMI,XIAOMI,XIAOMI LTE 25028RN03L REDMI A5 128GB,71002188,DORADO,"$1,799.24","$1,959.00","$2,399.00",03/07/2025,INDEFINIDO
HANDSET,ACER,ACER,ACER LTE AC81 ,70023482,NEGRO,"$1,874.25","$2,049.00","$2,499.00",24/06/2025,09/07/2025
HANDSET,ACER,ACER,ACER LTE AC81 ,70023483,BLANCO,"$1,874.25","$2,049.00","$2,499.00",24/06/2025,09/07/2025
HANDSET,ACER,ACER,ACER LTE AX64 ,70023470,NEGRO,"$1,874.25","$2,049.00","$2,499.00",09/05/2025,09/07/2025
HANDSET,ACER,ACER,ACER LTE AX64 ,70023471,BLANCO,"$1,874.25","$2,049.00","$2,499.00",09/05/2025,09/07/2025
HANDSET,HUAWEI,HUAWEI,HUAWEI LTE EVE-LX3 NOVA Y61 128GB,70022149,AZUL,"$1,874.25","$2,049.00","$2,499.00",10/06/2025,16/07/2025
HANDSET,HUAWEI,HUAWEI,HUAWEI LTE EVE-LX3 NOVA Y61 128GB,70022150,NEGRO,"$1,874.25","$2,049.00","$2,499.00",10/06/2025,16/07/2025
HANDSET,MOTOROLA,MOTOROLA,MOTOROLA 4G XT2523-2 G05 128GB,71001680,VERDE,"$1,874.25","$2,049.00","$2,499.00",01/05/2025,16/07/2025
HANDSET,MOTOROLA,MOTOROLA,MOTOROLA 4G XT2523-2 G05 128GB,71001681,ROJO,"$1,874.25","$2,049.00","$2,499.00",01/05/2025,16/07/2025
HANDSET,SAMSUNG,SAMSUNG,SAMSUNG LTE SM-A155M/N A15,70023660,AZUL,"$1,874.25","$2,049.00","$2,499.00",22/05/2025,16/07/2025
HANDSET,ZTE,ZTE,ZTE 4G Z2467 V70 MAX 256GB,71001893,GRIS,"$1,874.25","$2,049.00","$2,499.00",24/06/2025,27/08/2025
HANDSET,ZTE,ZTE,ZTE 4G Z2467 V70 MAX 256GB,71001894,VERDE,"$1,874.25","$2,049.00","$2,499.00",24/06/2025,27/08/2025
HANDSET,HONOR,HONOR,HONOR LTE WDY-LX3 X6A,70023492,PLATA,"$2,159.20","$2,369.00","$2,699.00",03/07/2025,06/08/2025
HANDSET,HONOR,HONOR,HONOR LTE WDY-LX3 X6A,70023493,CIAN,"$2,159.20","$2,369.00","$2,699.00",03/07/2025,06/08/2025
HANDSET,HONOR,HONOR,HONOR LTE WDY-LX3 X6A,70023494,NEGRO,"$2,159.20","$2,369.00","$2,699.00",03/07/2025,06/08/2025
HANDSET,HONOR,HONOR,HONOR LTE WDY-LX3 X6A COMBO MOCHILA,70024158,PLATA COMBO,"$2,159.20","$2,369.00","$2,699.00",03/07/2025,06/08/2025
HANDSET,HONOR,HONOR,HONOR LTE WDY-LX3 X6A COMBO MOCHILA,70024159,CIAN COMBO,"$2,159.20","$2,369.00","$2,699.00",03/07/2025,06/08/2025
HANDSET,ZTE,ZTE,ZTE LTE Z2356 AXON 60,70024109,DORADO,"$2,159.20","$2,369.00","$2,699.00",24/06/2025,27/08/2025
HANDSET,ACER,ACER,ACER 4G A62LX 256GB,71002108,NEGRO/VERDE,"$2,159.20","$2,369.00","$2,699.00",10/04/2025,INDEFINIDO
HANDSET,ACER,ACER,ACER 4G A62LX 256GB,71002109,BLANCO/VERDE,"$2,159.20","$2,369.00","$2,699.00",10/04/2025,INDEFINIDO
HANDSET,ACER,ACER,ACER 4G A62LX 256GB,71002110,DURAZNO,"$2,159.20","$2,369.00","$2,699.00",10/04/2025,INDEFINIDO
HANDSET,REALME,REALME,REALME 4G RMX3933 NOTE 60,71000403,NEGRO,"$2,239.19","$2,459.00","$2,799.00",03/07/2025,30/07/2025
HANDSET,REALME,REALME,REALME 4G RMX3933 NOTE 60,71000404,AZUL,"$2,239.19","$2,459.00","$2,799.00",03/07/2025,30/07/2025
HANDSET,XIAOMI,XIAOMI,XIAOMI LTE 2409BRN2CL REDMI 14C 128GB,71001409,AZUL,"$2,239.19","$2,459.00","$2,799.00",15/05/2025,30/07/2025
HANDSET,XIAOMI,XIAOMI,XIAOMI LTE 2409BRN2CL REDMI 14C 128GB,71001410,NEGRO,"$2,239.19","$2,459.00","$2,799.00",15/05/2025,30/07/2025
HANDSET,XIAOMI,XIAOMI,XIAOMI LTE 2409BRN2CL REDMI 14C 128GB,71001411,VERDE,"$2,239.19","$2,459.00","$2,799.00",15/05/2025,30/07/2025
HANDSET,HONOR,HONOR,HONOR 4G GFY-LX3 X5B PLUS 256GB,71001518,MORADO,"$2,239.19","$2,459.00","$2,799.00",20/03/2025,06/08/2025
HANDSET,HONOR,HONOR,HONOR 4G GFY-LX3 X5B PLUS 256GB,71001519,AZUL,"$2,239.19","$2,459.00","$2,799.00",20/03/2025,06/08/2025
HANDSET,NUBIA,NUBIA,NUBIA 4G Z2460 MUSIC 2 128GB,71002155,BLANCO,"$2,239.19","$2,459.00","$2,799.00",15/05/2025,INDEFINIDO
HANDSET,NUBIA,NUBIA,NUBIA 4G Z2460 MUSIC 2 128GB,71002156,MULTICOLOR,"$2,239.19","$2,459.00","$2,799.00",15/05/2025,INDEFINIDO
HANDSET,HONOR,HONOR,HONOR LTE WDY-LX3 X6A PLUS 128GB,70023490,MORADO,"$2,399.19","$2,639.00","$2,999.00",27/06/2025,16/07/2025
HANDSET,HONOR,HONOR,HONOR LTE WDY-LX3 X6A PLUS 128GB,70023491,PLATA,"$2,399.19","$2,639.00","$2,999.00",27/06/2025,16/07/2025
HANDSET,HONOR,HONOR,HONOR LTE WDY-LX3 X6A PLUS 128GB COMBO MOCHILA,70024162,MORADO COMBO3,"$2,399.19","$2,639.00","$2,999.00",27/06/2025,16/07/2025
HANDSET,HONOR,HONOR,HONOR LTE WDY-LX3 X6A PLUS 128GB COMBO MOCHILA,70024163,PLATA COMBO3,"$2,399.19","$2,639.00","$2,999.00",27/06/2025,16/07/2025
HANDSET,SAMSUNG,SAMSUNG,SAMSUNG 4G SM-A165M A16 128GB,71001809,NEGRO,"$2,399.19","$2,639.00","$2,999.00",19/06/2025,16/07/2025
HANDSET,SAMSUNG,SAMSUNG,SAMSUNG 4G SM-A165M A16 128GB,71001810,GRIS,"$2,399.19","$2,639.00","$2,999.00",19/06/2025,16/07/2025
HANDSET,SAMSUNG,SAMSUNG,SAMSUNG 4G SM-A165M A16 128GB,71001811,VERDE,"$2,399.19","$2,639.00","$2,999.00",19/06/2025,16/07/2025
HANDSET,HONOR,HONOR,HONOR LTE WDY-LX3 X6A PLUS 256GB,70023851,MORADO,"$2,559.20","$2,819.00","$3,199.00",27/06/2025,16/07/2025
HANDSET,HONOR,HONOR,HONOR LTE WDY-LX3 X6A PLUS 256GB,70023852,PLATA,"$2,559.20","$2,819.00","$3,199.00",27/06/2025,16/07/2025
HANDSET,HONOR,HONOR,HONOR LTE WDY-LX3 X6A PLUS 256GB COMBO MOCHILA,70024166,MORADO COMBO,"$2,559.20","$2,819.00","$3,199.00",27/06/2025,16/07/2025
HANDSET,HONOR,HONOR,HONOR LTE WDY-LX3 X6A PLUS 256GB COMBO MOCHILA,70024167,PLATA COMBO,"$2,559.20","$2,819.00","$3,199.00",27/06/2025,16/07/2025
HANDSET,HONOR,HONOR,HONOR 4G JDY-LX3 X6B 256GB + HONOR BOCINA BLUETOOTH HB,71001499,CIAN BUNDLE,"$2,639.21","$2,909.00","$3,299.00",05/06/2025,06/08/2025
HANDSET,HONOR,HONOR,HONOR 4G JDY-LX3 X6B 256GB + HONOR BOCINA BLUETOOTH HB,71001500,MORADO BUNDLE,"$2,639.21","$2,909.00","$3,299.00",05/06/2025,06/08/2025
HANDSET,HONOR,HONOR,HONOR LTE JDY-LX3 X6B 256GB,71000447,CIAN,"$2,639.21","$2,909.00","$3,299.00",05/06/2025,06/08/2025
HANDSET,HONOR,HONOR,HONOR LTE JDY-LX3 X6B 256GB,71000448,MORADO,"$2,639.21","$2,909.00","$3,299.00",05/06/2025,06/08/2025
HANDSET,XIAOMI,XIAOMI,XIAOMI 4G 2409BRN2CL REDMI 14C 256GB,71001413,AZUL,"$2,719.20","$2,999.00","$3,399.00",22/05/2025,30/07/2025
HANDSET,XIAOMI,XIAOMI,XIAOMI 4G 2409BRN2CL REDMI 14C 256GB,71001414,NEGRO,"$2,719.20","$2,999.00","$3,399.00",22/05/2025,30/07/2025
HANDSET,XIAOMI,XIAOMI,XIAOMI 4G 2409BRN2CL REDMI 14C 256GB,71001415,VERDE,"$2,719.20","$2,999.00","$3,399.00",22/05/2025,30/07/2025
HANDSET,MOTOROLA,MOTOROLA,MOTOROLA 4G XT2521-2 G15 256GB,71001683,GRIS,"$2,799.20","$3,089.00","$3,499.00",01/05/2025,16/07/2025
HANDSET,MOTOROLA,MOTOROLA,MOTOROLA 4G XT2521-2 G15 256GB,71001684,VERDE,"$2,799.20","$3,089.00","$3,499.00",01/05/2025,16/07/2025
HANDSET,SAMSUNG,SAMSUNG,SAMSUNG 5G SM-A166M GALAXY A16 128GB,71001511,NEGRO,"$2,799.20","$3,089.00","$3,499.00",19/06/2025,16/07/2025
HANDSET,SAMSUNG,SAMSUNG,SAMSUNG 5G SM-A166M GALAXY A16 128GB,71001512,GRIS,"$2,799.20","$3,089.00","$3,499.00",19/06/2025,16/07/2025
HANDSET,SAMSUNG,SAMSUNG,SAMSUNG 5G SM-A166M GALAXY A16 128GB,71001513,VERDE,"$2,799.20","$3,089.00","$3,499.00",19/06/2025,16/07/2025
HANDSET,NUBIA,NUBIA,NUBIA 4G Z2460 MUSIC 2 256GB,71002158,BLANCO,"$2,799.20","$3,089.00","$3,499.00",15/05/2025,INDEFINIDO
HANDSET,OPPO,OPPO,OPPO LTE CPH2669 A40,71000311,CAFE,"$3,039.20","$3,359.00","$3,799.00",15/05/2025,23/07/2025
HANDSET,OPPO,OPPO,OPPO LTE CPH2669 A40,71000312,LILA,"$3,039.20","$3,359.00","$3,799.00",15/05/2025,23/07/2025
HANDSET,OPPO,OPPO,OPPO LTE CPH2669 A40,71001895,CAFE 1,"$3,039.20","$3,359.00","$3,799.00",15/05/2025,23/07/2025
HANDSET,OPPO,OPPO,OPPO LTE CPH2669 A40,71001896,LILA 1,"$3,039.20","$3,359.00","$3,799.00",15/05/2025,23/07/2025
HANDSET,ACER,ACER,ACER LTE AX85 ,70023476,NEGRO,"$3,199.20","$3,539.00","$3,999.00",30/01/2025,09/07/2025
HANDSET,ACER,ACER,ACER LTE AX85 ,70023477,BLANCO,"$3,199.20","$3,539.00","$3,999.00",30/01/2025,09/07/2025
HANDSET,ACER,ACER,ACER LTE AX85 ,70023478,VERDE,"$3,199.20","$3,539.00","$3,999.00",30/01/2025,09/07/2025
HANDSET,HONOR,HONOR,HONOR 4G NIC-LX3 X6C 256GB,71002231,CIAN,"$3,199.20","$3,539.00","$3,999.00",26/06/2025,INDEFINIDO
HANDSET,HONOR,HONOR,HONOR 4G NIC-LX3 X6C 256GB,71002232,BLANCO,"$3,199.20","$3,539.00","$3,999.00",26/06/2025,INDEFINIDO
HANDSET,VIVO,VIVO,VIVO 4G V2430 Y04 256GB,71002083,NEGRO,"$3,199.20","$3,539.00","$3,999.00",03/04/2025,INDEFINIDO
HANDSET,VIVO,VIVO,VIVO 4G V2430 Y04 256GB,71002084,LAVANDA,"$3,199.20","$3,539.00","$3,999.00",03/04/2025,INDEFINIDO
HANDSET,ZTE,ZTE,ZTE 4G Z2459 AXON 70 256GB Y WATCH HB,71001886,DORADO,"$3,199.20","$3,539.00","$3,999.00",27/02/2025,INDEFINIDO
HANDSET,ZTE,ZTE,ZTE 4G Z2459 AXON 70 256GB Y WATCH HB,71001887,GRIS,"$3,199.20","$3,539.00","$3,999.00",27/02/2025,INDEFINIDO
HANDSET,ZTE,ZTE,ZTE 4G Z2459 AXON 70 256GB Y WATCH HB,71001888,VERDE,"$3,199.20","$3,539.00","$3,999.00",27/02/2025,INDEFINIDO
HANDSET,HONOR,HONOR,HONOR 5G CLK-NX3 90 SMART,71000184,PLATA,"$3,439.19","$3,819.00","$4,299.00",03/07/2025,06/08/2025
HANDSET,HONOR,HONOR,HONOR 5G CLK-NX3 90 SMART,71000185,VERDE,"$3,439.19","$3,819.00","$4,299.00",03/07/2025,06/08/2025
HANDSET,HONOR,HONOR,HONOR 5G CLK-NX3 90 SMART + BOCINA BLUETOOTH,71000208,PLATA COMBO3,"$3,439.19","$3,819.00","$4,299.00",03/07/2025,06/08/2025
HANDSET,HONOR,HONOR,HONOR 5G CLK-NX3 90 SMART + BOCINA BLUETOOTH,71000209,VERDE COMBO3,"$3,439.19","$3,819.00","$4,299.00",03/07/2025,06/08/2025
HANDSET,OPPO,OPPO,OPPO LTE CPH2363 RENO7 256GB + BOCINA,70024178,DORADO COMBO,"$3,599.20","$3,999.00","$4,499.00",06/06/2025,30/07/2025
HANDSET,OPPO,OPPO,OPPO LTE CPH2363 RENO7 256GB + BOCINA,70024179,NEGRO COMBO,"$3,599.20","$3,999.00","$4,499.00",06/06/2025,30/07/2025
HANDSET,HONOR,HONOR,HONOR LTE CLK-LX3 X7B,70023624,PLATA,"$3,599.20","$3,999.00","$4,499.00",05/09/2024,INDEFINIDO
HANDSET,HONOR,HONOR,HONOR LTE CLK-LX3 X7B,70023625,VERDE,"$3,599.20","$3,999.00","$4,499.00",05/09/2024,INDEFINIDO
HANDSET,HONOR,HONOR,HONOR LTE CLK-LX3 X7B + BOCINA BLUETOOTH,70024248,PLATA COMBO4,"$3,599.20","$3,999.00","$4,499.00",05/09/2024,INDEFINIDO
HANDSET,HONOR,HONOR,HONOR LTE CLK-LX3 X7B + BOCINA BLUETOOTH,70024249,VERDE COMBO4,"$3,599.20","$3,999.00","$4,499.00",05/09/2024,INDEFINIDO
HANDSET,OPPO,OPPO,OPPO LTE CPH2727 A5 256GB,71002261,BLANCO,"$3,599.20","$3,999.00","$4,499.00",08/07/2025,INDEFINIDO
HANDSET,OPPO,OPPO,OPPO LTE CPH2727 A5 256GB,71002262,VERDE,"$3,599.20","$3,999.00","$4,499.00",08/07/2025,INDEFINIDO
HANDSET,MOTOROLA,MOTOROLA,MOTOROLA 4.5G XT2221-2 G52,70019712,AZUL,"$3,863.16","$4,289.00","$4,599.00",30/01/2025,09/07/2025
HANDSET,HONOR,HONOR,HONOR 4.5G LLY-LX3 X8B + BOCINA BLUETOOTH,70024250,CIAN COMBO2,"$4,199.15","$4,669.00","$4,999.00",03/07/2025,16/07/2025
HANDSET,HONOR,HONOR,HONOR 4.5G LLY-LX3 X8B + BOCINA BLUETOOTH,70024251,PLATA COMBO2,"$4,199.15","$4,669.00","$4,999.00",03/07/2025,16/07/2025
HANDSET,HONOR,HONOR,HONOR 4.5G LLY-LX3 X8B HARDBUNDLE MINIONS,70024216,CIAN BUNDLE,"$4,199.15","$4,669.00","$4,999.00",03/07/2025,16/07/2025
HANDSET,HONOR,HONOR,HONOR 4.5G LLY-LX3 X8B HARDBUNDLE MINIONS,70024217,PLATA BUNDLE,"$4,199.15","$4,669.00","$4,999.00",03/07/2025,16/07/2025
HANDSET,HONOR,HONOR,HONOR LTE LLY-LX3 X8B,70023635,CIAN,"$4,199.15","$4,669.00","$4,999.00",03/07/2025,16/07/2025
HANDSET,HONOR,HONOR,HONOR LTE LLY-LX3 X8B,70023636,PLATA,"$4,199.15","$4,669.00","$4,999.00",03/07/2025,16/07/2025
HANDSET,XIAOMI,XIAOMI,XIAOMI 4G 24117RN76L REDMI NOTE 14 256GB,71001754,AZUL,"$4,199.15","$4,669.00","$4,999.00",05/06/2025,30/07/2025
HANDSET,XIAOMI,XIAOMI,XIAOMI 4G 24117RN76L REDMI NOTE 14 256GB,71001755,NEGRO,"$4,199.15","$4,669.00","$4,999.00",05/06/2025,30/07/2025
HANDSET,XIAOMI,XIAOMI,XIAOMI 4G 24117RN76L REDMI NOTE 14 256GB,71001756,VERDE,"$4,199.15","$4,669.00","$4,999.00",05/06/2025,30/07/2025
HANDSET,NUBIA,NUBIA,NUBIA 5G Z2462N FOCUS 2 256GB,71002159,AZUL,"$4,199.15","$4,669.00","$4,999.00",15/05/2025,INDEFINIDO
HANDSET,NUBIA,NUBIA,NUBIA 5G Z2462N FOCUS 2 256GB,71002160,BLANCO,"$4,199.15","$4,669.00","$4,999.00",15/05/2025,INDEFINIDO
HANDSET,REALME,REALME,REALME LTE RMX5303 C71,71002248,BLANCO,"$4,199.15","$4,669.00","$4,999.00",26/06/2025,INDEFINIDO
HANDSET,REALME,REALME,REALME LTE RMX5303 C71,71002249,VERDE,"$4,199.15","$4,669.00","$4,999.00",26/06/2025,INDEFINIDO
HANDSET,VIVO,VIVO,VIVO LTE V2419 Y19S,71002074,NEGRO,"$4,199.15","$4,669.00","$4,999.00",27/03/2025,INDEFINIDO
HANDSET,VIVO,VIVO,VIVO LTE V2419 Y19S,71002075,PLATA,"$4,199.15","$4,669.00","$4,999.00",27/03/2025,INDEFINIDO
HANDSET,NUBIA,NUBIA,NUBIA 5G Z2464N NEO 3 256GB,71002162,AMARILLO,"$4,619.17","$5,149.00","$5,499.00",24/06/2025,INDEFINIDO
HANDSET,NUBIA,NUBIA,NUBIA 5G Z2464N NEO 3 256GB,71002163,PLATA,"$4,619.17","$5,149.00","$5,499.00",24/06/2025,INDEFINIDO
HANDSET,REALME,REALME,REALME 4.5G RMX3941 C75 256GB SOFT BUNDLE,71001724,NEGRO,"$5,039.16","$5,619.00","$5,999.00",03/07/2025,16/07/2025
HANDSET,REALME,REALME,REALME 4.5G RMX3941 C75 256GB SOFT BUNDLE,71001725,DORADO,"$5,039.16","$5,619.00","$5,999.00",03/07/2025,16/07/2025
HANDSET,OPPO,OPPO,OPPO 4G CPH2711 A5 PRO,71002043,AZUL,"$5,039.16","$5,619.00","$5,999.00",24/04/2025,23/07/2025
HANDSET,OPPO,OPPO,OPPO 4G CPH2711 A5 PRO,71002044,VERDE,"$5,039.16","$5,619.00","$5,999.00",24/04/2025,23/07/2025
HANDSET,HONOR,HONOR,HONOR 4G ALT-LX3 X7C 256GB,71001521,BLANCO,"$5,039.16","$5,619.00","$5,999.00",15/05/2025,INDEFINIDO
HANDSET,HONOR,HONOR,HONOR 4G ALT-LX3 X7C 256GB,71001522,VERDE,"$5,039.16","$5,619.00","$5,999.00",15/05/2025,INDEFINIDO
HANDSET,MOTOROLA,MOTOROLA,MOTOROLA 5G XT2529-1 G56,71002131,AZUL,"$5,039.16","$5,619.00","$5,999.00",05/06/2025,INDEFINIDO
HANDSET,MOTOROLA,MOTOROLA,MOTOROLA 5G XT2529-1 G56,71002132,GRIS,"$5,039.16","$5,619.00","$5,999.00",05/06/2025,INDEFINIDO
HANDSET,SAMSUNG,SAMSUNG,SAMSUNG 5G SM-A266M A26 128GB,71002264,VERDE,"$5,039.16","$5,619.00","$5,999.00",03/07/2025,INDEFINIDO
HANDSET,SAMSUNG,SAMSUNG,SAMSUNG 5G SM-A266M A26 128GB,71002265,BLANCO,"$5,039.16","$5,619.00","$5,999.00",03/07/2025,INDEFINIDO
HANDSET,SAMSUNG,SAMSUNG,SAMSUNG 5G SM-A266M A26 128GB,71002266,NEGRO,"$5,039.16","$5,619.00","$5,999.00",03/07/2025,INDEFINIDO
HANDSET,HONOR,HONOR,HONOR 5G ALI-NX3 MAGIC6 LITE,70023891,NARANJA,"$5,459.17","$6,099.00","$6,499.00",03/07/2025,16/07/2025
HANDSET,HONOR,HONOR,HONOR 5G ALI-NX3 MAGIC6 LITE,70023892,VERDE,"$5,459.17","$6,099.00","$6,499.00",03/07/2025,16/07/2025
HANDSET,HONOR,HONOR,HONOR 5G ALI-NX3 MAGIC6 LITE,70023893,PLATA,"$5,459.17","$6,099.00","$6,499.00",03/07/2025,16/07/2025
HANDSET,HONOR,HONOR,HONOR 5G ALI-NX3 MAGIC6 LITE + HONOR BAND 9,70024242,NARANJA COMBO2,"$5,459.17","$6,099.00","$6,499.00",08/07/2025,16/07/2025
HANDSET,HONOR,HONOR,HONOR 5G ALI-NX3 MAGIC6 LITE + HONOR BAND 9,70024243,VERDE COMBO 2,"$5,459.17","$6,099.00","$6,499.00",08/07/2025,16/07/2025
HANDSET,HONOR,HONOR,HONOR 5G ALI-NX3 MAGIC6 LITE + HONOR BAND 9,70024244,PLATA COMBO2,"$5,459.17","$6,099.00","$6,499.00",08/07/2025,16/07/2025
HANDSET,HONOR,HONOR,HONOR 4G ABR-LX3 X8C 512GB + EARBUDS X7I HB,71001822,MORADO,"$5,879.16","$6,569.00","$6,999.00",05/06/2025,06/08/2025
HANDSET,HONOR,HONOR,HONOR 4G ABR-LX3 X8C 512GB + EARBUDS X7I HB,71001823,VERDE,"$5,879.16","$6,569.00","$6,999.00",05/06/2025,06/08/2025
HANDSET,REALME,REALME,REALME 5G RMX5078 14T 256GB,71002116,MORADO,"$6,449.15","$7,219.00","$7,499.00",03/07/2025,16/07/2025
HANDSET,REALME,REALME,REALME 5G RMX5078 14T 256GB,71002117,NEGRO,"$6,449.15","$7,219.00","$7,499.00",03/07/2025,16/07/2025
HANDSET,XIAOMI,XIAOMI,XIAOMI 4G 24116RACCG REDMI NOTE 14 PRO 256GB,71001758,AZUL,"$6,449.15","$7,219.00","$7,499.00",26/06/2025,30/07/2025
HANDSET,XIAOMI,XIAOMI,XIAOMI 4G 24116RACCG REDMI NOTE 14 PRO 256GB,71001759,MORADO,"$6,449.15","$7,219.00","$7,499.00",26/06/2025,30/07/2025
HANDSET,XIAOMI,XIAOMI,XIAOMI 4G 24116RACCG REDMI NOTE 14 PRO 256GB,71001760,NEGRO,"$6,449.15","$7,219.00","$7,499.00",26/06/2025,30/07/2025
HANDSET,SAMSUNG,SAMSUNG,SAMSUNG 5G SM-A366E A36 128GB,71001903,VERDE,"$6,449.15","$7,219.00","$7,499.00",03/07/2025,INDEFINIDO
HANDSET,SAMSUNG,SAMSUNG,SAMSUNG 5G SM-A366E A36 128GB,71001904,VIOLETA,"$6,449.15","$7,219.00","$7,499.00",03/07/2025,INDEFINIDO
HANDSET,SAMSUNG,SAMSUNG,SAMSUNG 5G SM-A366E A36 128GB,71001905,GRIS,"$6,449.15","$7,219.00","$7,499.00",03/07/2025,INDEFINIDO
HANDSET,SAMSUNG,SAMSUNG,SAMSUNG 5G SM-A366E A36 128GB,71001906,NEGRO,"$6,449.15","$7,219.00","$7,499.00",03/07/2025,INDEFINIDO
HANDSET,SAMSUNG,SAMSUNG,SAMSUNG 5G SM-A366E A36 128GB OTA,71001957,VERDE,"$6,449.15","$7,219.00","$7,499.00",03/07/2025,INDEFINIDO
HANDSET,SAMSUNG,SAMSUNG,SAMSUNG 5G SM-A366E A36 128GB OTA,71001958,VIOLETA,"$6,449.15","$7,219.00","$7,499.00",03/07/2025,INDEFINIDO
HANDSET,SAMSUNG,SAMSUNG,SAMSUNG 5G SM-A366E A36 128GB OTA,71001959,GRIS,"$6,449.15","$7,219.00","$7,499.00",03/07/2025,INDEFINIDO
HANDSET,SAMSUNG,SAMSUNG,SAMSUNG 5G SM-A366E A36 128GB OTA,71001960,NEGRO,"$6,449.15","$7,219.00","$7,499.00",03/07/2025,INDEFINIDO
HANDSET,MOTOROLA,MOTOROLA,MOTOROLA 5G XT2407-2 EDGE 50,71000377,NARANJA,"$6,879.14","$7,699.00","$7,999.00",12/06/2025,16/07/2025
HANDSET,MOTOROLA,MOTOROLA,MOTOROLA 5G XT2503-1 EDGE 60 FUSION,71002063,AZUL,"$6,879.14","$7,699.00","$7,999.00",03/07/2025,16/07/2025
HANDSET,MOTOROLA,MOTOROLA,MOTOROLA 5G XT2503-1 EDGE 60 FUSION,71002065,ROSA,"$6,879.14","$7,699.00","$7,999.00",03/07/2025,16/07/2025
HANDSET,OPPO,OPPO,OPPO 5G CPH2695 A5 PRO,71002046,CAFE,"$6,879.14","$7,699.00","$7,999.00",15/05/2025,INDEFINIDO
HANDSET,OPPO,OPPO,OPPO 5G CPH2695 A5 PRO,71002047,ROSA,"$6,879.14","$7,699.00","$7,999.00",15/05/2025,INDEFINIDO
HANDSET,HUAWEI,HUAWEI,HUAWEI 4.5G BLK-LX9 NOVA 13 256GB,71001740,VERDE,"$7,223.15","$8,089.00","$8,399.00",24/06/2025,13/08/2025
HANDSET,HUAWEI,HUAWEI,HUAWEI 4.5G BLK-LX9 NOVA 13 256GB,71001741,BLANCO,"$7,223.15","$8,089.00","$8,399.00",24/06/2025,13/08/2025
HANDSET,HUAWEI,HUAWEI,HUAWEI 4.5G BLK-LX9 NOVA 13 256GB,71001742,NEGRO,"$7,223.15","$8,089.00","$8,399.00",24/06/2025,13/08/2025
HANDSET,HONOR,HONOR,HONOR 5G ELI-NX9 200 256GB,71000406,VERDE,"$7,309.14","$8,189.00","$8,499.00",03/07/2025,16/07/2025
HANDSET,HONOR,HONOR,HONOR 5G ELI-NX9 200 256GB,71000407,BLANCO,"$7,309.14","$8,189.00","$8,499.00",03/07/2025,16/07/2025
HANDSET,HONOR,HONOR,HONOR 5G ELI-NX9 200 256GB + AUD�FONOS OWS HB,71000412,VERDE BUNDLE,"$7,309.14","$8,189.00","$8,499.00",03/07/2025,16/07/2025
HANDSET,HONOR,HONOR,HONOR 5G ELI-NX9 200 256GB + AUD�FONOS OWS HB,71000413,BLANCO BUNDLE,"$7,309.14","$8,189.00","$8,499.00",03/07/2025,16/07/2025
HANDSET,VIVO,VIVO,VIVO 4G V2441 V50 LITE 256GB,71001953,NEGRO,"$7,739.14","$8,669.00","$8,999.00",06/03/2025,INDEFINIDO
HANDSET,VIVO,VIVO,VIVO 4G V2441 V50 LITE 256GB,71001954,LILA,"$7,739.14","$8,669.00","$8,999.00",06/03/2025,INDEFINIDO
HANDSET,REALME,REALME,REALME 5G RMX5056 14 PRO 256GB,71001830,BLANCO,"$8,169.14","$9,159.00","$9,499.00",03/07/2025,30/07/2025
HANDSET,REALME,REALME,REALME 5G RMX5056 14 PRO 256GB,71001831,GRIS,"$8,169.14","$9,159.00","$9,499.00",03/07/2025,30/07/2025
HANDSET,XIAOMI,XIAOMI,XIAOMI 5G 24090RA29G REDMI NOTE 14 PRO 5G,71001686,NEGRO,"$8,169.14","$9,159.00","$9,499.00",26/06/2025,30/07/2025
HANDSET,XIAOMI,XIAOMI,XIAOMI 5G 24090RA29G REDMI NOTE 14 PRO 5G,71001687,VIOLETA,"$8,169.14","$9,159.00","$9,499.00",26/06/2025,30/07/2025
HANDSET,XIAOMI,XIAOMI,XIAOMI 5G 24090RA29G REDMI NOTE 14 PRO 5G,71001688,VERDE,"$8,169.14","$9,159.00","$9,499.00",26/06/2025,30/07/2025
HANDSET,XIAOMI,XIAOMI,XIAOMI 5G 24090RA29G REDMI NOTE 14 PRO 5G BUNDLE,71001690,NEGRO,"$8,169.14","$9,159.00","$9,499.00",26/06/2025,30/07/2025
HANDSET,XIAOMI,XIAOMI,XIAOMI 5G 24090RA29G REDMI NOTE 14 PRO 5G BUNDLE,71001691,VIOLETA,"$8,169.14","$9,159.00","$9,499.00",26/06/2025,30/07/2025
HANDSET,XIAOMI,XIAOMI,XIAOMI 5G 24090RA29G REDMI NOTE 14 PRO 5G BUNDLE,71001692,VERDE,"$8,169.14","$9,159.00","$9,499.00",26/06/2025,30/07/2025
HANDSET,HONOR,HONOR,HONOR 5G ELI-NX9 200 512GB,71000409,VERDE,"$8,599.14","$9,649.00","$9,999.00",03/07/2025,16/07/2025
HANDSET,HONOR,HONOR,HONOR 5G ELI-NX9 200 512GB,71000410,BLANCO,"$8,599.14","$9,649.00","$9,999.00",03/07/2025,16/07/2025
HANDSET,HONOR,HONOR,HONOR 5G ELI-NX9 200 512GB + AUD�FONOS OWS HB,71000414,VERDE BUNDLE,"$8,599.14","$9,649.00","$9,999.00",03/07/2025,16/07/2025
HANDSET,HONOR,HONOR,HONOR 5G ELI-NX9 200 512GB + AUD�FONOS OWS HB,71000415,BLANCO BUNDLE,"$8,599.14","$9,649.00","$9,999.00",03/07/2025,16/07/2025
HANDSET,MOTOROLA,MOTOROLA,MOTOROLA 5G XT2505-3 EDGE 60,71002134,AZUL,"$8,599.14","$9,649.00","$9,999.00",03/07/2025,16/07/2025
HANDSET,MOTOROLA,MOTOROLA,MOTOROLA 5G XT2505-3 EDGE 60,71002135,VERDE,"$8,599.14","$9,649.00","$9,999.00",03/07/2025,16/07/2025
HANDSET,OPPO,OPPO,OPPO 5G CPH2699 RENO13 F,71001813,GRIS,"$8,599.14","$9,649.00","$9,999.00",12/06/2025,23/07/2025
HANDSET,OPPO,OPPO,OPPO 5G CPH2699 RENO13 F,71001814,MORADO,"$8,599.14","$9,649.00","$9,999.00",12/06/2025,23/07/2025
HANDSET,HONOR,HONOR,HONOR 5G BRP-NX3 MAGIC7 LITE 512GB Y HEADPHONES HB,71001763,MORADO,"$8,599.14","$9,649.00","$9,999.00",15/05/2025,INDEFINIDO
HANDSET,HONOR,HONOR,HONOR 5G BRP-NX3 MAGIC7 LITE 512GB Y HEADPHONES HB,71001764,CIAN,"$8,599.14","$9,649.00","$9,999.00",15/05/2025,INDEFINIDO
HANDSET,VIVO,VIVO,VIVO 5G V2440 V50 LITE 256GB,71001950,NEGRO,"$8,599.14","$9,649.00","$9,999.00",06/03/2025,INDEFINIDO
HANDSET,VIVO,VIVO,VIVO 5G V2440 V50 LITE 256GB,71001951,DORADO,"$8,599.14","$9,649.00","$9,999.00",06/03/2025,INDEFINIDO
HANDSET,HONOR,HONOR,HONOR 5G FNE-NX9 70 128GB,70020097,VERDE,"$9,029.14","$10,129.00","$10,499.00",03/06/2025,INDEFINIDO
HANDSET,HONOR,HONOR,HONOR 5G FNE-NX9 70 128GB,70020098,AZUL,"$9,029.14","$10,129.00","$10,499.00",03/06/2025,INDEFINIDO
HANDSET,XIAOMI,XIAOMI,XIAOMI 5G 24115RA8EG REDMI NOTE 14 PRO PLUS,71001868,AZUL,"$9,459.14","$10,619.00","$10,999.00",24/06/2025,30/07/2025
HANDSET,XIAOMI,XIAOMI,XIAOMI 5G 24115RA8EG REDMI NOTE 14 PRO PLUS,71001869,NEGRO,"$9,459.14","$10,619.00","$10,999.00",24/06/2025,30/07/2025
HANDSET,XIAOMI,XIAOMI,XIAOMI 5G 24115RA8EG REDMI NOTE 14 PRO PLUS,71001870,VIOLETA,"$9,459.14","$10,619.00","$10,999.00",24/06/2025,30/07/2025
HANDSET,XIAOMI,XIAOMI,XIAOMI 5G 24115RA8EG REDMI NOTE 14 PRO PLUS BUNDLE,71001785,AZUL BUNDLE,"$9,459.14","$10,619.00","$10,999.00",24/06/2025,30/07/2025
HANDSET,XIAOMI,XIAOMI,XIAOMI 5G 24115RA8EG REDMI NOTE 14 PRO PLUS BUNDLE,71001786,NEGRO BUNDLE,"$9,459.14","$10,619.00","$10,999.00",24/06/2025,30/07/2025
HANDSET,XIAOMI,XIAOMI,XIAOMI 5G 24115RA8EG REDMI NOTE 14 PRO PLUS BUNDLE,71001787,VIOLETA BUNDLE,"$9,459.14","$10,619.00","$10,999.00",24/06/2025,30/07/2025
HANDSET,SAMSUNG,SAMSUNG,SAMSUNG 5G SM-A566E A56 256GB,71001908,ROSA,"$9,459.14","$10,619.00","$10,999.00",03/07/2025,INDEFINIDO
HANDSET,SAMSUNG,SAMSUNG,SAMSUNG 5G SM-A566E A56 256GB,71001909,GRIS,"$9,459.14","$10,619.00","$10,999.00",03/07/2025,INDEFINIDO
HANDSET,SAMSUNG,SAMSUNG,SAMSUNG 5G SM-A566E A56 256GB,71001910,VERDE,"$9,459.14","$10,619.00","$10,999.00",03/07/2025,INDEFINIDO
HANDSET,SAMSUNG,SAMSUNG,SAMSUNG 5G SM-A566E A56 256GB,71001911,NEGRO,"$9,459.14","$10,619.00","$10,999.00",03/07/2025,INDEFINIDO
HANDSET,SAMSUNG,SAMSUNG,SAMSUNG 5G SM-A566E A56 256GB OTA,71001961,ROSA,"$9,459.14","$10,619.00","$10,999.00",03/07/2025,INDEFINIDO
HANDSET,SAMSUNG,SAMSUNG,SAMSUNG 5G SM-A566E A56 256GB OTA,71001962,GRIS,"$9,459.14","$10,619.00","$10,999.00",03/07/2025,INDEFINIDO
HANDSET,SAMSUNG,SAMSUNG,SAMSUNG 5G SM-A566E A56 256GB OTA,71001963,VERDE,"$9,459.14","$10,619.00","$10,999.00",03/07/2025,INDEFINIDO
HANDSET,SAMSUNG,SAMSUNG,SAMSUNG 5G SM-A566E A56 256GB OTA,71001964,NEGRO,"$9,459.14","$10,619.00","$10,999.00",03/07/2025,INDEFINIDO
HANDSET,REALME,REALME,REALME 5G RMX5056 14 PRO 512GB,71001833,BLANCO,"$9,975.14","$11,199.00","$11,599.00",03/07/2025,16/07/2025
HANDSET,REALME,REALME,REALME 5G RMX5056 14 PRO 512GB,71001834,GRIS,"$9,975.14","$11,199.00","$11,599.00",03/07/2025,16/07/2025
HANDSET,APPLE,APPLE,APPLE 5G IPHONE 13 128GB,70018364,MIDNIGHT,"$9,974.05","$11,199.00","$10,499.00",01/07/2025,06/08/2025
HANDSET,APPLE,APPLE,APPLE 5G IPHONE 13 128GB,70018367,STARLIGTH,"$9,974.05","$11,199.00","$10,499.00",01/07/2025,06/08/2025
HANDSET,HUAWEI,HUAWEI,HUAWEI 4.5G MIS-LX9 NOVA 13 PRO 512GB,71001747,VERDE,"$10,233.14","$11,489.00","$11,899.00",24/06/2025,13/08/2025
HANDSET,HUAWEI,HUAWEI,HUAWEI 4.5G MIS-LX9 NOVA 13 PRO 512GB,71001748,BLANCO,"$10,233.14","$11,489.00","$11,899.00",24/06/2025,13/08/2025
HANDSET,HUAWEI,HUAWEI,HUAWEI 4.5G MIS-LX9 NOVA 13 PRO 512GB,71001749,NEGRO,"$10,233.14","$11,489.00","$11,899.00",24/06/2025,13/08/2025
HANDSET,HUAWEI,HUAWEI,HUAWEI 4.5G HBN-LX9 PURA 70 PRO,71000224,BLANCO,"$10,534.13","$11,829.00","$12,249.00",03/07/2025,13/08/2025
HANDSET,HUAWEI,HUAWEI,HUAWEI 4.5G HBN-LX9 PURA 70 PRO,71000225,NEGRO,"$10,534.13","$11,829.00","$12,249.00",03/07/2025,13/08/2025
HANDSET,APPLE,APPLE,APPLE 5G IPHONE 14 128GB ,70020424,BLUE,"$11,874.05","$13,349.00","$12,499.00",01/07/2025,06/08/2025
HANDSET,APPLE,APPLE,APPLE 5G IPHONE 14 128GB ,70020425,MIDNIGHT,"$11,874.05","$13,349.00","$12,499.00",01/07/2025,06/08/2025
HANDSET,OPPO,OPPO,OPPO 5G CPH2625 RENO12 + OPPO 4G CPH2669 A40 256GB,71002285,GRIS,"$12,039.14","$13,529.00","$13,999.00",04/07/2025,23/07/2025
HANDSET,OPPO,OPPO,OPPO 5G CPH2625 RENO12 + OPPO 4G CPH2669 A40 256GB,71002286,MORADO,"$12,039.14","$13,529.00","$13,999.00",04/07/2025,23/07/2025
HANDSET,VIVO,VIVO,VIVO 5G V2348 V40,71000369,AZUL,"$12,039.14","$13,529.00","$13,999.00",03/04/2025,27/08/2025
HANDSET,VIVO,VIVO,VIVO 5G V2348 V40,71000370,PLATA,"$12,039.14","$13,529.00","$13,999.00",03/04/2025,27/08/2025
HANDSET,MOTOROLA,MOTOROLA,MOTOROLA 5G XT2507-1 EDGE 60 PRO,71002124,GRIS,"$12,899.14","$14,509.00","$14,999.00",29/05/2025,INDEFINIDO
HANDSET,OPPO,OPPO,OPPO 5G CPH2689 RENO13,71001816,AZUL,"$12,899.14","$14,509.00","$14,999.00",22/05/2025,INDEFINIDO
HANDSET,OPPO,OPPO,OPPO 5G CPH2689 RENO13,71001817,BLANCO,"$12,899.14","$14,509.00","$14,999.00",22/05/2025,INDEFINIDO
HANDSET,VIVO,VIVO,VIVO 5G V2427 V50 512GB,71001880,AZUL,"$12,899.14","$14,509.00","$14,999.00",03/04/2025,INDEFINIDO
HANDSET,VIVO,VIVO,VIVO 5G V2427 V50 512GB,71001881,VIOLETA,"$12,899.14","$14,509.00","$14,999.00",03/04/2025,INDEFINIDO
HANDSET,APPLE,APPLE,APPLE 5G IPHONE 16E 128GB,71001913,BLANCO,"$13,299.04","$14,959.00","$13,999.00",01/07/2025,06/08/2025
HANDSET,APPLE,APPLE,APPLE 5G IPHONE 16E 128GB,71001914,NEGRO,"$13,299.04","$14,959.00","$13,999.00",01/07/2025,06/08/2025
HANDSET,SAMSUNG,SAMSUNG,SAMSUNG 5G SM-S721B GALAXY S24 FE 128GB,71001852,AZUL,"$13,329.14","$14,989.00","$15,499.00",03/07/2025,INDEFINIDO
HANDSET,SAMSUNG,SAMSUNG,SAMSUNG 5G SM-S721B GALAXY S24 FE 128GB,71001853,NEGRO,"$13,329.14","$14,989.00","$15,499.00",03/07/2025,INDEFINIDO
HANDSET,SAMSUNG,SAMSUNG,SAMSUNG 5G SM-S721B GALAXY S24 FE 128GB,71001854,GRIS,"$13,329.14","$14,989.00","$15,499.00",03/07/2025,INDEFINIDO
HANDSET,SAMSUNG,SAMSUNG,SAMSUNG 5G SM-S721B GALAXY S24 FE 128GB,71001855,MENTA,"$13,329.14","$14,989.00","$15,499.00",03/07/2025,INDEFINIDO
HANDSET,SAMSUNG,SAMSUNG,SAMSUNG 5G SM-S721B S24 FE 128GB OTA,71002059,AZUL,"$13,329.14","$14,989.00","$15,499.00",03/07/2025,INDEFINIDO
HANDSET,SAMSUNG,SAMSUNG,SAMSUNG 5G SM-S721B S24 FE 128GB OTA,71002060,NEGRO,"$13,329.14","$14,989.00","$15,499.00",03/07/2025,INDEFINIDO
HANDSET,SAMSUNG,SAMSUNG,SAMSUNG 5G SM-S721B S24 FE 128GB OTA,71002061,GRIS,"$13,329.14","$14,989.00","$15,499.00",03/07/2025,INDEFINIDO
HANDSET,SAMSUNG,SAMSUNG,SAMSUNG 5G SM-S721B S24 FE 128GB OTA,71002062,MENTA,"$13,329.14","$14,989.00","$15,499.00",03/07/2025,INDEFINIDO
HANDSET,SAMSUNG,SAMSUNG,SAMSUNG 5G SM-S721B S24 FE 256GB,71001481,AZUL,"$13,329.14","$14,989.00","$15,499.00",03/07/2025,INDEFINIDO
HANDSET,SAMSUNG,SAMSUNG,SAMSUNG 5G SM-S721B S24 FE 256GB,71001482,NEGRO,"$13,329.14","$14,989.00","$15,499.00",03/07/2025,INDEFINIDO
HANDSET,SAMSUNG,SAMSUNG,SAMSUNG 5G SM-S721B S24 FE 256GB,71001483,GRIS,"$13,329.14","$14,989.00","$15,499.00",03/07/2025,INDEFINIDO
HANDSET,SAMSUNG,SAMSUNG,SAMSUNG 5G SM-S721B S24 FE 256GB,71001484,MENTA,"$13,329.14","$14,989.00","$15,499.00",03/07/2025,INDEFINIDO
HANDSET,NUBIA,NUBIA,NUBIA 5G NX732J FLIP 2 512GB,71002165,NEGRO,"$13,759.14","$15,479.00","$15,999.00",15/05/2025,INDEFINIDO
HANDSET,NUBIA,NUBIA,NUBIA 5G NX732J FLIP 2 512GB,71002166,MORADO,"$13,759.14","$15,479.00","$15,999.00",15/05/2025,INDEFINIDO
HANDSET,APPLE,APPLE,APPLE 5G IPHONE 14 256GB ,70020429,BLUE,"$14,724.05","$16,569.00","$15,499.00",14/03/2025,06/08/2025
HANDSET,APPLE,APPLE,APPLE 5G IPHONE 14 256GB ,70020430,MIDNIGHT,"$14,724.05","$16,569.00","$15,499.00",14/03/2025,06/08/2025
HANDSET,APPLE,APPLE,APPLE 5G IPHONE 14 256GB ,70020431,PURPLE,"$14,724.05","$16,569.00","$15,499.00",14/03/2025,06/08/2025
HANDSET,APPLE,APPLE,APPLE 5G IPHONE 15 128GB,70022695,BLACK,"$16,624.04","$18,709.00","$17,499.00",30/09/2024,INDEFINIDO
HANDSET,APPLE,APPLE,APPLE 5G IPHONE 15 128GB,70022696,PINK,"$16,624.04","$18,709.00","$17,499.00",30/09/2024,INDEFINIDO
HANDSET,APPLE,APPLE,APPLE 5G IPHONE 15 128GB,70022697,YELLOW,"$16,624.04","$18,709.00","$17,499.00",30/09/2024,INDEFINIDO
HANDSET,APPLE,APPLE,APPLE 5G IPHONE 15 128GB,70022698,BLUE,"$16,624.04","$18,709.00","$17,499.00",30/09/2024,INDEFINIDO
HANDSET,APPLE,APPLE,APPLE 5G IPHONE 15 128GB,70022699,GREEN,"$16,624.04","$18,709.00","$17,499.00",30/09/2024,INDEFINIDO
HANDSET,APPLE,APPLE,APPLE 5G IPHONE 16E 256GB,71001915,BLANCO,"$16,624.04","$18,709.00","$17,499.00",28/02/2025,INDEFINIDO
HANDSET,APPLE,APPLE,APPLE 5G IPHONE 16E 256GB,71001916,NEGRO,"$16,624.04","$18,709.00","$17,499.00",28/02/2025,INDEFINIDO
HANDSET,HONOR,HONOR,HONOR 5G ELP-NX9 200 PRO,71000416,CIAN,"$17,199.15","$19,359.00","$19,999.00",12/09/2024,INDEFINIDO
HANDSET,HONOR,HONOR,HONOR 5G ELP-NX9 200 PRO,71000417,NEGRO,"$17,199.15","$19,359.00","$19,999.00",12/09/2024,INDEFINIDO
HANDSET,HONOR,HONOR,HONOR 5G ELP-NX9 200 PRO + PAD X9 WI-FI HB,71000419,CIAN BUNDLE,"$17,199.15","$19,359.00","$19,999.00",12/09/2024,INDEFINIDO
HANDSET,HONOR,HONOR,HONOR 5G ELP-NX9 200 PRO + PAD X9 WI-FI HB,71000420,NEGRO BUNDLE,"$17,199.15","$19,359.00","$19,999.00",12/09/2024,INDEFINIDO
HANDSET,HONOR,HONOR,HONOR 5G ELP-NX9 200 PRO + PAD X9 WI-FI Y CARGADOR INAL�MBRICO HB,71000421,CIAN BUNDLE 2,"$17,199.15","$19,359.00","$19,999.00",12/09/2024,INDEFINIDO
HANDSET,HONOR,HONOR,HONOR 5G ELP-NX9 200 PRO + PAD X9 WI-FI Y CARGADOR INAL�MBRICO HB,71000422,NEGRO BUNDLE 2,"$17,199.15","$19,359.00","$19,999.00",12/09/2024,INDEFINIDO
HANDSET,OPPO,OPPO,OPPO 5G CPH2519 FIND N3 FLIP,70023548,NEGRO,"$17,199.15","$19,359.00","$19,999.00",28/06/2025,INDEFINIDO
HANDSET,OPPO,OPPO,OPPO 5G CPH2697 RENO13 PRO,71002088,GRIS,"$17,199.15","$19,359.00","$19,999.00",17/04/2025,INDEFINIDO
HANDSET,OPPO,OPPO,OPPO 5G CPH2697 RENO13 PRO,71002089,MORADO,"$17,199.15","$19,359.00","$19,999.00",17/04/2025,INDEFINIDO
HANDSET,XIAOMI,XIAOMI,XIAOMI 5G 2306EPN60G XIAOMI 13T,70023418,AZUL,"$17,199.15","$19,359.00","$19,999.00",05/09/2024,INDEFINIDO
HANDSET,SAMSUNG,SAMSUNG,SAMSUNG 5G SM-S931B S25 256GB,71001780,AZUL,"$18,489.14","$20,819.00","$21,499.00",03/07/2025,INDEFINIDO
HANDSET,SAMSUNG,SAMSUNG,SAMSUNG 5G SM-S931B S25 256GB,71001781,MENTA,"$18,489.14","$20,819.00","$21,499.00",03/07/2025,INDEFINIDO
HANDSET,SAMSUNG,SAMSUNG,SAMSUNG 5G SM-S931B S25 256GB,71001782,AZUL MARINO,"$18,489.14","$20,819.00","$21,499.00",03/07/2025,INDEFINIDO
HANDSET,SAMSUNG,SAMSUNG,SAMSUNG 5G SM-S931B S25 256GB,71001783,PLATA,"$18,489.14","$20,819.00","$21,499.00",03/07/2025,INDEFINIDO
HANDSET,SAMSUNG,SAMSUNG,SAMSUNG 5G SM-S931B S25 256GB OTA,71002039,AZUL,"$18,489.14","$20,819.00","$21,499.00",03/07/2025,INDEFINIDO
HANDSET,SAMSUNG,SAMSUNG,SAMSUNG 5G SM-S931B S25 256GB OTA,71002040,MENTA,"$18,489.14","$20,819.00","$21,499.00",03/07/2025,INDEFINIDO
HANDSET,SAMSUNG,SAMSUNG,SAMSUNG 5G SM-S931B S25 256GB OTA,71002041,AZUL MARINO,"$18,489.14","$20,819.00","$21,499.00",03/07/2025,INDEFINIDO
HANDSET,SAMSUNG,SAMSUNG,SAMSUNG 5G SM-S931B S25 256GB OTA,71002042,PLATA,"$18,489.14","$20,819.00","$21,499.00",03/07/2025,INDEFINIDO
HANDSET,SAMSUNG,SAMSUNG,SAMSUNG 5G SM-S926B S24 PLUS 256GB,70023749,GRIS,"$18,919.15","$21,309.00","$21,999.00",03/07/2025,INDEFINIDO
HANDSET,SAMSUNG,SAMSUNG,SAMSUNG 5G SM-S926B S24 PLUS 256GB,70023750,NEGRO,"$18,919.15","$21,309.00","$21,999.00",03/07/2025,INDEFINIDO
HANDSET,APPLE,APPLE,APPLE 5G IPHONE 15 256GB,70022700,BLACK,"$18,999.05","$21,399.00","$19,999.00",30/09/2024,INDEFINIDO
HANDSET,APPLE,APPLE,APPLE 5G IPHONE 15 256GB,70022701,PINK,"$18,999.05","$21,399.00","$19,999.00",30/09/2024,INDEFINIDO
HANDSET,APPLE,APPLE,APPLE 5G IPHONE 15 256GB,70022702,YELLOW,"$18,999.05","$21,399.00","$19,999.00",30/09/2024,INDEFINIDO
HANDSET,APPLE,APPLE,APPLE 5G IPHONE 15 256GB,70022703,BLUE,"$18,999.05","$21,399.00","$19,999.00",30/09/2024,INDEFINIDO
HANDSET,APPLE,APPLE,APPLE 5G IPHONE 15 256GB,70022704,GREEN,"$18,999.05","$21,399.00","$19,999.00",30/09/2024,INDEFINIDO
HANDSET,APPLE,APPLE,APPLE 5G IPHONE 15 PLUS 128GB,70022710,BLACK,"$18,999.05","$21,399.00","$19,999.00",30/09/2024,INDEFINIDO
HANDSET,APPLE,APPLE,APPLE 5G IPHONE 15 PLUS 128GB,70022711,PINK,"$18,999.05","$21,399.00","$19,999.00",30/09/2024,INDEFINIDO
HANDSET,APPLE,APPLE,APPLE 5G IPHONE 15 PLUS 128GB,70022712,YELLOW,"$18,999.05","$21,399.00","$19,999.00",30/09/2024,INDEFINIDO
HANDSET,APPLE,APPLE,APPLE 5G IPHONE 15 PLUS 128GB,70022713,BLUE,"$18,999.05","$21,399.00","$19,999.00",30/09/2024,INDEFINIDO
HANDSET,APPLE,APPLE,APPLE 5G IPHONE 15 PLUS 128GB,70022714,GREEN,"$18,999.05","$21,399.00","$19,999.00",30/09/2024,INDEFINIDO
HANDSET,APPLE,APPLE,APPLE 5G IPHONE 15 PLUS 512GB,70022720,BLACK,"$18,999.05","$21,399.00","$19,999.00",16/01/2025,INDEFINIDO
HANDSET,APPLE,APPLE,APPLE 5G IPHONE 15 PLUS 512GB,70022721,PINK,"$18,999.05","$21,399.00","$19,999.00",16/01/2025,INDEFINIDO
HANDSET,APPLE,APPLE,APPLE 5G IPHONE 15 PLUS 512GB,70022722,AMARILLO,"$18,999.05","$21,399.00","$19,999.00",16/01/2025,INDEFINIDO
HANDSET,APPLE,APPLE,APPLE 5G IPHONE 15 PLUS 512GB,70022723,BLUE,"$18,999.05","$21,399.00","$19,999.00",16/01/2025,INDEFINIDO
HANDSET,APPLE,APPLE,APPLE 5G IPHONE 15 PLUS 512GB,70022724,GREEN,"$18,999.05","$21,399.00","$19,999.00",16/01/2025,INDEFINIDO
HANDSET,APPLE,APPLE,APPLE 5G IPHONE 16 128GB,71000453,VERDE AZULADO,"$18,999.05","$21,399.00","$19,999.00",20/09/2024,INDEFINIDO
HANDSET,APPLE,APPLE,APPLE 5G IPHONE 16 128GB,71000454,ROSA,"$18,999.05","$21,399.00","$19,999.00",20/09/2024,INDEFINIDO
HANDSET,APPLE,APPLE,APPLE 5G IPHONE 16 128GB,71000455,BLANCO,"$18,999.05","$21,399.00","$19,999.00",20/09/2024,INDEFINIDO
HANDSET,APPLE,APPLE,APPLE 5G IPHONE 16 128GB,71000456,NEGRO,"$18,999.05","$21,399.00","$19,999.00",20/09/2024,INDEFINIDO
HANDSET,APPLE,APPLE,APPLE 5G IPHONE 16 128GB,71000457,ULTRA MARINO,"$18,999.05","$21,399.00","$19,999.00",20/09/2024,INDEFINIDO
HANDSET,APPLE,APPLE,APPLE 5G IPHONE 14 512GB ,70020434,BLUE,"$19,474.05","$21,939.00","$20,499.00",14/03/2025,06/08/2025
HANDSET,APPLE,APPLE,APPLE 5G IPHONE 14 512GB ,70020435,MIDNIGHT,"$19,474.05","$21,939.00","$20,499.00",14/03/2025,06/08/2025
HANDSET,APPLE,APPLE,APPLE 5G IPHONE 14 512GB ,70020436,PURPLE,"$19,474.05","$21,939.00","$20,499.00",14/03/2025,06/08/2025
HANDSET,APPLE,APPLE,APPLE 5G IPHONE 15 PLUS 256GB,70022715,BLACK,"$21,374.06","$24,079.00","$22,499.00",30/09/2024,INDEFINIDO
HANDSET,APPLE,APPLE,APPLE 5G IPHONE 15 PLUS 256GB,70022716,PINK,"$21,374.06","$24,079.00","$22,499.00",30/09/2024,INDEFINIDO
HANDSET,APPLE,APPLE,APPLE 5G IPHONE 15 PLUS 256GB,70022717,YELLOW,"$21,374.06","$24,079.00","$22,499.00",30/09/2024,INDEFINIDO
HANDSET,APPLE,APPLE,APPLE 5G IPHONE 15 PLUS 256GB,70022718,BLUE,"$21,374.06","$24,079.00","$22,499.00",30/09/2024,INDEFINIDO
HANDSET,APPLE,APPLE,APPLE 5G IPHONE 15 PLUS 256GB,70022719,GREEN,"$21,374.06","$24,079.00","$22,499.00",30/09/2024,INDEFINIDO
HANDSET,APPLE,APPLE,APPLE 5G IPHONE 16 256GB,71000458,VERDE AZULADO,"$21,374.06","$24,079.00","$22,499.00",20/09/2024,INDEFINIDO
HANDSET,APPLE,APPLE,APPLE 5G IPHONE 16 256GB,71000459,ROSA,"$21,374.06","$24,079.00","$22,499.00",20/09/2024,INDEFINIDO
HANDSET,APPLE,APPLE,APPLE 5G IPHONE 16 256GB,71000460,BLANCO,"$21,374.06","$24,079.00","$22,499.00",20/09/2024,INDEFINIDO
HANDSET,APPLE,APPLE,APPLE 5G IPHONE 16 256GB,71000461,NEGRO,"$21,374.06","$24,079.00","$22,499.00",20/09/2024,INDEFINIDO
HANDSET,APPLE,APPLE,APPLE 5G IPHONE 16 256GB,71000462,ULTRA MARINO,"$21,374.06","$24,079.00","$22,499.00",20/09/2024,INDEFINIDO
HANDSET,APPLE,APPLE,APPLE 5G IPHONE 16E 512GB,71001917,BLANCO,"$21,374.06","$24,079.00","$22,499.00",26/03/2025,INDEFINIDO
HANDSET,APPLE,APPLE,APPLE 5G IPHONE 16E 512GB,71001918,NEGRO,"$21,374.06","$24,079.00","$22,499.00",26/03/2025,INDEFINIDO
HANDSET,OPPO,OPPO,OPPO 5G CPH2659 FIND X8 PRO,71001660,BLANCO,"$21,499.14","$24,219.00","$24,999.00",06/12/2024,INDEFINIDO
HANDSET,OPPO,OPPO,OPPO 5G CPH2659 FIND X8 PRO,71001661,NEGRO,"$21,499.14","$24,219.00","$24,999.00",06/12/2024,INDEFINIDO
HANDSET,XIAOMI,XIAOMI,XIAOMI 5G 24129PN74G 15 512GB,71001977,NEGRO,"$21,499.14","$24,219.00","$24,999.00",03/04/2025,INDEFINIDO
HANDSET,XIAOMI,XIAOMI,XIAOMI 5G 24129PN74G 15 512GB,71001978,BLANCO,"$21,499.14","$24,219.00","$24,999.00",03/04/2025,INDEFINIDO
HANDSET,XIAOMI,XIAOMI,XIAOMI 5G 24129PN74G 15 512GB,71001979,VERDE,"$21,499.14","$24,219.00","$24,999.00",03/04/2025,INDEFINIDO
HANDSET,XIAOMI,XIAOMI,XIAOMI 5G 24129PN74G 15 512GB BUNDLE,71001987,NEGRO,"$21,499.14","$24,219.00","$24,999.00",03/04/2025,INDEFINIDO
HANDSET,XIAOMI,XIAOMI,XIAOMI 5G 24129PN74G 15 512GB BUNDLE,71001988,BLANCO,"$21,499.14","$24,219.00","$24,999.00",03/04/2025,INDEFINIDO
HANDSET,XIAOMI,XIAOMI,XIAOMI 5G 24129PN74G 15 512GB BUNDLE,71001989,VERDE,"$21,499.14","$24,219.00","$24,999.00",03/04/2025,INDEFINIDO
HANDSET,APPLE,APPLE,APPLE 5G IPHONE 16 PLUS 128GB,71000468,VERDE AZULADO,"$21,849.04","$24,619.00","$22,999.00",20/09/2024,INDEFINIDO
HANDSET,APPLE,APPLE,APPLE 5G IPHONE 16 PLUS 128GB,71000469,ROSA,"$21,849.04","$24,619.00","$22,999.00",20/09/2024,INDEFINIDO
HANDSET,APPLE,APPLE,APPLE 5G IPHONE 16 PLUS 128GB,71000470,BLANCO,"$21,849.04","$24,619.00","$22,999.00",20/09/2024,INDEFINIDO
HANDSET,APPLE,APPLE,APPLE 5G IPHONE 16 PLUS 128GB,71000471,NEGRO,"$21,849.04","$24,619.00","$22,999.00",20/09/2024,INDEFINIDO
HANDSET,APPLE,APPLE,APPLE 5G IPHONE 16 PLUS 128GB,71000472,ULTRA MARINO,"$21,849.04","$24,619.00","$22,999.00",20/09/2024,INDEFINIDO
HANDSET,APPLE,APPLE,APPLE 5G IPHONE 15 PRO 256GB,70022732,BLUE,"$22,799.05","$25,689.00","$23,999.00",04/04/2025,16/07/2025
HANDSET,APPLE,APPLE,APPLE 5G IPHONE 15 512GB,70022705,BLACK,"$23,749.05","$26,769.00","$24,999.00",30/09/2024,INDEFINIDO
HANDSET,APPLE,APPLE,APPLE 5G IPHONE 15 512GB,70022706,PINK,"$23,749.05","$26,769.00","$24,999.00",30/09/2024,INDEFINIDO
HANDSET,APPLE,APPLE,APPLE 5G IPHONE 15 512GB,70022707,YELLOW,"$23,749.05","$26,769.00","$24,999.00",30/09/2024,INDEFINIDO
HANDSET,APPLE,APPLE,APPLE 5G IPHONE 15 512GB,70022708,BLUE,"$23,749.05","$26,769.00","$24,999.00",30/09/2024,INDEFINIDO
HANDSET,APPLE,APPLE,APPLE 5G IPHONE 15 512GB,70022709,GREEN,"$23,749.05","$26,769.00","$24,999.00",30/09/2024,INDEFINIDO
HANDSET,APPLE,APPLE,APPLE 5G IPHONE 16 PLUS 256GB,71000473,VERDE AZULADO,"$24,224.05","$27,299.00","$25,499.00",20/09/2024,INDEFINIDO
HANDSET,APPLE,APPLE,APPLE 5G IPHONE 16 PLUS 256GB,71000474,ROSA,"$24,224.05","$27,299.00","$25,499.00",20/09/2024,INDEFINIDO
HANDSET,APPLE,APPLE,APPLE 5G IPHONE 16 PLUS 256GB,71000475,BLANCO,"$24,224.05","$27,299.00","$25,499.00",20/09/2024,INDEFINIDO
HANDSET,APPLE,APPLE,APPLE 5G IPHONE 16 PLUS 256GB,71000476,NEGRO,"$24,224.05","$27,299.00","$25,499.00",20/09/2024,INDEFINIDO
HANDSET,APPLE,APPLE,APPLE 5G IPHONE 16 PLUS 256GB,71000477,ULTRA MARINO,"$24,224.05","$27,299.00","$25,499.00",20/09/2024,INDEFINIDO
HANDSET,SAMSUNG,SAMSUNG,SAMSUNG 5G SM-S937B S25 EDGE 256GB,71002147,AZUL,"$24,509.14","$27,619.00","$28,499.00",08/07/2025,11/07/2025
HANDSET,SAMSUNG,SAMSUNG,SAMSUNG 5G SM-S937B S25 EDGE 256GB,71002148,NEGRO,"$24,509.14","$27,619.00","$28,499.00",08/07/2025,11/07/2025
HANDSET,SAMSUNG,SAMSUNG,SAMSUNG 5G SM-S937B S25 EDGE 256GB,71002149,PLATA,"$24,509.14","$27,619.00","$28,499.00",08/07/2025,11/07/2025
HANDSET,SAMSUNG,SAMSUNG,SAMSUNG 5G SM-S937B S25 EDGE 256GB,71002140,AZUL,"$24,509.14","$27,619.00","$28,499.00",29/05/2025,INDEFINIDO
HANDSET,SAMSUNG,SAMSUNG,SAMSUNG 5G SM-S937B S25 EDGE 256GB,71002141,NEGRO,"$24,509.14","$27,619.00","$28,499.00",29/05/2025,INDEFINIDO
HANDSET,SAMSUNG,SAMSUNG,SAMSUNG 5G SM-S937B S25 EDGE 256GB,71002142,PLATA,"$24,509.14","$27,619.00","$28,499.00",29/05/2025,INDEFINIDO
HANDSET,SAMSUNG,SAMSUNG,SAMSUNG 5G SM-S937B S25 EDGE 512GB,71002143,AZUL,"$24,509.14","$27,619.00","$28,499.00",26/06/2025,INDEFINIDO
HANDSET,SAMSUNG,SAMSUNG,SAMSUNG 5G SM-S937B S25 EDGE 512GB,71002144,NEGRO,"$24,509.14","$27,619.00","$28,499.00",26/06/2025,INDEFINIDO
HANDSET,SAMSUNG,SAMSUNG,SAMSUNG 5G SM-S937B S25 EDGE 512GB,71002145,PLATA,"$24,509.14","$27,619.00","$28,499.00",26/06/2025,INDEFINIDO
HANDSET,APPLE,APPLE,APPLE 5G IPHONE 16 PRO 128GB,71000483,DESIERTO,"$24,699.04","$27,839.00","$25,999.00",20/09/2024,INDEFINIDO
HANDSET,APPLE,APPLE,APPLE 5G IPHONE 16 PRO 128GB,71000484,NATURAL,"$24,699.04","$27,839.00","$25,999.00",20/09/2024,INDEFINIDO
HANDSET,APPLE,APPLE,APPLE 5G IPHONE 16 PRO 128GB,71000485,BLANCO,"$24,699.04","$27,839.00","$25,999.00",20/09/2024,INDEFINIDO
HANDSET,APPLE,APPLE,APPLE 5G IPHONE 16 PRO 128GB,71000486,NEGRO,"$24,699.04","$27,839.00","$25,999.00",20/09/2024,INDEFINIDO
HANDSET,HONOR,HONOR,HONOR 5G BVL-N49 MAGIC6 PRO,71000169,VERDE,"$24,939.14","$28,109.00","$28,999.00",04/07/2024,INDEFINIDO
HANDSET,HONOR,HONOR,HONOR 5G BVL-N49 MAGIC6 PRO,71000170,NEGRO,"$24,939.14","$28,109.00","$28,999.00",04/07/2024,INDEFINIDO
HANDSET,HONOR,HONOR,HONOR 5G BVL-N49 MAGIC6 PRO BUNDLE + PAD X9,71000152,VERDE BUNDLE,"$24,939.14","$28,109.00","$28,999.00",04/07/2024,INDEFINIDO
HANDSET,HONOR,HONOR,HONOR 5G BVL-N49 MAGIC6 PRO BUNDLE + PAD X9,71000153,NEGRO BUNDLE,"$24,939.14","$28,109.00","$28,999.00",04/07/2024,INDEFINIDO
HANDSET,SAMSUNG,SAMSUNG,SAMSUNG 5G SM-936B S25+ 512GB,71001766,AZUL,"$24,939.14","$28,109.00","$28,999.00",03/07/2025,INDEFINIDO
HANDSET,SAMSUNG,SAMSUNG,SAMSUNG 5G SM-936B S25+ 512GB,71001767,MENTA,"$24,939.14","$28,109.00","$28,999.00",03/07/2025,INDEFINIDO
HANDSET,SAMSUNG,SAMSUNG,SAMSUNG 5G SM-936B S25+ 512GB,71001768,AZUL MARINO,"$24,939.14","$28,109.00","$28,999.00",03/07/2025,INDEFINIDO
HANDSET,SAMSUNG,SAMSUNG,SAMSUNG 5G SM-936B S25+ 512GB,71001769,PLATA,"$24,939.14","$28,109.00","$28,999.00",03/07/2025,INDEFINIDO
HANDSET,SAMSUNG,SAMSUNG,SAMSUNG 5G SM-936B S25+ 512GB OTA,71002027,AZUL,"$24,939.14","$28,109.00","$28,999.00",03/07/2025,INDEFINIDO
HANDSET,SAMSUNG,SAMSUNG,SAMSUNG 5G SM-936B S25+ 512GB OTA,71002028,MENTA,"$24,939.14","$28,109.00","$28,999.00",03/07/2025,INDEFINIDO
HANDSET,SAMSUNG,SAMSUNG,SAMSUNG 5G SM-936B S25+ 512GB OTA,71002029,AZUL MARINO,"$24,939.14","$28,109.00","$28,999.00",03/07/2025,INDEFINIDO
HANDSET,SAMSUNG,SAMSUNG,SAMSUNG 5G SM-936B S25+ 512GB OTA,71002030,PLATA,"$24,939.14","$28,109.00","$28,999.00",03/07/2025,INDEFINIDO
HANDSET,HONOR,HONOR,HONOR 5G PTP-N49 MAGIC7 PRO + PAD X8A,71002217,NEGRO,"$25,799.14","$29,079.00","$29,999.00",05/06/2025,INDEFINIDO
HANDSET,HONOR,HONOR,HONOR 5G PTP-N49 MAGIC7 PRO + PAD X8A,71002218,GRIS,"$25,799.14","$29,079.00","$29,999.00",05/06/2025,INDEFINIDO
HANDSET,HONOR,HONOR,HONOR 5G PTP-N49 MAGIC7 PRO 512GB,71001871,NEGRO,"$25,799.14","$29,079.00","$29,999.00",27/02/2025,INDEFINIDO
HANDSET,HONOR,HONOR,HONOR 5G PTP-N49 MAGIC7 PRO 512GB,71001872,GRIS,"$25,799.14","$29,079.00","$29,999.00",27/02/2025,INDEFINIDO
HANDSET,APPLE,APPLE,APPLE 5G IPHONE 16 512GB,71000463,VERDE AZULADO,"$26,124.05","$29,449.00","$27,499.00",20/09/2024,INDEFINIDO
HANDSET,APPLE,APPLE,APPLE 5G IPHONE 16 512GB,71000464,ROSA,"$26,124.05","$29,449.00","$27,499.00",20/09/2024,INDEFINIDO
HANDSET,APPLE,APPLE,APPLE 5G IPHONE 16 512GB,71000465,BLANCO,"$26,124.05","$29,449.00","$27,499.00",20/09/2024,INDEFINIDO
HANDSET,APPLE,APPLE,APPLE 5G IPHONE 16 512GB,71000466,NEGRO,"$26,124.05","$29,449.00","$27,499.00",20/09/2024,INDEFINIDO
HANDSET,APPLE,APPLE,APPLE 5G IPHONE 16 512GB,71000467,ULTRA MARINO,"$26,124.05","$29,449.00","$27,499.00",20/09/2024,INDEFINIDO
HANDSET,SAMSUNG,SAMSUNG,SAMSUNG 5G SM-S918B GALAXY S23 ULTRA 256GB,70021464,BEIGE,"$26,659.14","$30,049.00","$30,999.00",12/06/2025,INDEFINIDO
HANDSET,SAMSUNG,SAMSUNG,SAMSUNG 5G SM-S918B GALAXY S23 ULTRA 256GB,70021465,NEGRO,"$26,659.14","$30,049.00","$30,999.00",12/06/2025,INDEFINIDO
HANDSET,SAMSUNG,SAMSUNG,SAMSUNG 5G SM-S918B GALAXY S23 ULTRA 256GB,70021466,ROSA,"$26,659.14","$30,049.00","$30,999.00",12/06/2025,INDEFINIDO
HANDSET,SAMSUNG,SAMSUNG,SAMSUNG 5G SM-S918B GALAXY S23 ULTRA 256GB,70021467,VERDE,"$26,659.14","$30,049.00","$30,999.00",12/06/2025,INDEFINIDO
HANDSET,APPLE,APPLE,APPLE 5G IPHONE 16 PRO 256GB,71000487,DESIERTO,"$27,074.04","$30,519.00","$28,499.00",20/09/2024,INDEFINIDO
HANDSET,APPLE,APPLE,APPLE 5G IPHONE 16 PRO 256GB,71000488,NATURAL,"$27,074.04","$30,519.00","$28,499.00",20/09/2024,INDEFINIDO
HANDSET,APPLE,APPLE,APPLE 5G IPHONE 16 PRO 256GB,71000489,BLANCO,"$27,074.04","$30,519.00","$28,499.00",20/09/2024,INDEFINIDO
HANDSET,APPLE,APPLE,APPLE 5G IPHONE 16 PRO 256GB,71000490,NEGRO,"$27,074.04","$30,519.00","$28,499.00",20/09/2024,INDEFINIDO
HANDSET,HUAWEI,HUAWEI,HUAWEI 4.5G ICL-LX9 MATE X6 512GB,71001733,NEGRO,"$27,691.14","$31,219.00","$32,199.00",13/03/2025,13/08/2025
HANDSET,HUAWEI,HUAWEI,HUAWEI 4.5G ICL-LX9 MATE X6 512GB,71001734,GRIS,"$27,691.14","$31,219.00","$32,199.00",13/03/2025,13/08/2025
HANDSET,HUAWEI,HUAWEI,HUAWEI 4.5G ICL-LX9 MATE X6 512GB,71001735,ROJO,"$27,691.14","$31,219.00","$32,199.00",13/03/2025,13/08/2025
HANDSET,MOTOROLA,MOTOROLA,MOTOROLA 5G XT2551-6 RAZR 60 ULTRA,71002067,VERDE,"$28,379.13","$31,999.00","$32,999.00",24/04/2025,INDEFINIDO
HANDSET,MOTOROLA,MOTOROLA,MOTOROLA 5G XT2551-6 RAZR 60 ULTRA,71002068,CAFE,"$28,379.13","$31,999.00","$32,999.00",24/04/2025,INDEFINIDO
HANDSET,SAMSUNG,SAMSUNG,SAMSUNG 5G SM-S938B S25 UL 256GB,71001776,NEGRO,"$28,379.13","$31,999.00","$32,999.00",19/06/2025,INDEFINIDO
HANDSET,SAMSUNG,SAMSUNG,SAMSUNG 5G SM-S938B S25 UL 256GB,71001777,GRIS,"$28,379.13","$31,999.00","$32,999.00",19/06/2025,INDEFINIDO
HANDSET,SAMSUNG,SAMSUNG,SAMSUNG 5G SM-S938B S25 UL 256GB,71001778,AZUL,"$28,379.13","$31,999.00","$32,999.00",19/06/2025,INDEFINIDO
HANDSET,SAMSUNG,SAMSUNG,SAMSUNG 5G SM-S938B S25 UL 256GB,71001779,PLATA,"$28,379.13","$31,999.00","$32,999.00",19/06/2025,INDEFINIDO
HANDSET,SAMSUNG,SAMSUNG,SAMSUNG 5G SM-S938B S25 ULTRA 256GB OTA,71002035,NEGRO,"$28,379.13","$31,999.00","$32,999.00",19/06/2025,INDEFINIDO
HANDSET,SAMSUNG,SAMSUNG,SAMSUNG 5G SM-S938B S25 ULTRA 256GB OTA,71002036,GRIS,"$28,379.13","$31,999.00","$32,999.00",19/06/2025,INDEFINIDO
HANDSET,SAMSUNG,SAMSUNG,SAMSUNG 5G SM-S938B S25 ULTRA 256GB OTA,71002037,AZUL,"$28,379.13","$31,999.00","$32,999.00",19/06/2025,INDEFINIDO
HANDSET,SAMSUNG,SAMSUNG,SAMSUNG 5G SM-S938B S25 ULTRA 256GB OTA,71002038,PLATA,"$28,379.13","$31,999.00","$32,999.00",19/06/2025,INDEFINIDO
HANDSET,APPLE,APPLE,APPLE 5G IPHONE 16 PLUS 512GB,71000478,VERDE AZULADO,"$28,974.05","$32,669.00","$30,499.00",20/09/2024,INDEFINIDO
HANDSET,APPLE,APPLE,APPLE 5G IPHONE 16 PLUS 512GB,71000479,ROSA,"$28,974.05","$32,669.00","$30,499.00",20/09/2024,INDEFINIDO
HANDSET,APPLE,APPLE,APPLE 5G IPHONE 16 PLUS 512GB,71000480,BLANCO,"$28,974.05","$32,669.00","$30,499.00",20/09/2024,INDEFINIDO
HANDSET,APPLE,APPLE,APPLE 5G IPHONE 16 PLUS 512GB,71000481,NEGRO,"$28,974.05","$32,669.00","$30,499.00",20/09/2024,INDEFINIDO
HANDSET,APPLE,APPLE,APPLE 5G IPHONE 16 PLUS 512GB,71000482,ULTRA MARINO,"$28,974.05","$32,669.00","$30,499.00",20/09/2024,INDEFINIDO
HANDSET,APPLE,APPLE,APPLE 5G IPHONE 16 PRO MAX 256GB,71000499,DESIERTO,"$29,449.06","$33,209.00","$30,999.00",20/09/2024,INDEFINIDO
HANDSET,APPLE,APPLE,APPLE 5G IPHONE 16 PRO MAX 256GB,71000500,NATURAL,"$29,449.06","$33,209.00","$30,999.00",20/09/2024,INDEFINIDO
HANDSET,APPLE,APPLE,APPLE 5G IPHONE 16 PRO MAX 256GB,71000501,BLANCO,"$29,449.06","$33,209.00","$30,999.00",20/09/2024,INDEFINIDO
HANDSET,APPLE,APPLE,APPLE 5G IPHONE 16 PRO MAX 256GB,71000502,NEGRO,"$29,449.06","$33,209.00","$30,999.00",20/09/2024,INDEFINIDO
HANDSET,XIAOMI,XIAOMI,XIAOMI 5G 25010PN30G 15 ULTRA,71001981,NEGRO,"$30,099.13","$33,939.00","$34,999.00",03/04/2025,INDEFINIDO
HANDSET,XIAOMI,XIAOMI,XIAOMI 5G 25010PN30G 15 ULTRA,71001982,BLANCO,"$30,099.13","$33,939.00","$34,999.00",03/04/2025,INDEFINIDO
HANDSET,XIAOMI,XIAOMI,XIAOMI 5G 25010PN30G 15 ULTRA,71001983,CROMO,"$30,099.13","$33,939.00","$34,999.00",03/04/2025,INDEFINIDO
HANDSET,XIAOMI,XIAOMI,XIAOMI 5G 25010PN30G 15 ULTRA BUNDLE,71001990,NEGRO,"$30,099.13","$33,939.00","$34,999.00",03/04/2025,INDEFINIDO
HANDSET,XIAOMI,XIAOMI,XIAOMI 5G 25010PN30G 15 ULTRA BUNDLE,71001991,BLANCO,"$30,099.13","$33,939.00","$34,999.00",03/04/2025,INDEFINIDO
HANDSET,XIAOMI,XIAOMI,XIAOMI 5G 25010PN30G 15 ULTRA BUNDLE,71001992,CROMO,"$30,099.13","$33,939.00","$34,999.00",03/04/2025,INDEFINIDO
HANDSET,SAMSUNG,SAMSUNG,SAMSUNG 5G SM-S938B S25 UL 512GB,71001771,NEGRO,"$30,959.14","$34,909.00","$35,999.00",19/06/2025,INDEFINIDO
HANDSET,SAMSUNG,SAMSUNG,SAMSUNG 5G SM-S938B S25 UL 512GB,71001772,GRIS,"$30,959.14","$34,909.00","$35,999.00",19/06/2025,INDEFINIDO
HANDSET,SAMSUNG,SAMSUNG,SAMSUNG 5G SM-S938B S25 UL 512GB,71001773,AZUL,"$30,959.14","$34,909.00","$35,999.00",19/06/2025,INDEFINIDO
HANDSET,SAMSUNG,SAMSUNG,SAMSUNG 5G SM-S938B S25 UL 512GB,71001774,PLATA,"$30,959.14","$34,909.00","$35,999.00",19/06/2025,INDEFINIDO
HANDSET,SAMSUNG,SAMSUNG,SAMSUNG 5G SM-S938B S25 ULTRA 512GB OTA,71002031,NEGRO,"$30,959.14","$34,909.00","$35,999.00",19/06/2025,INDEFINIDO
HANDSET,SAMSUNG,SAMSUNG,SAMSUNG 5G SM-S938B S25 ULTRA 512GB OTA,71002032,GRIS,"$30,959.14","$34,909.00","$35,999.00",19/06/2025,INDEFINIDO
HANDSET,SAMSUNG,SAMSUNG,SAMSUNG 5G SM-S938B S25 ULTRA 512GB OTA,71002033,AZUL,"$30,959.14","$34,909.00","$35,999.00",19/06/2025,INDEFINIDO
HANDSET,SAMSUNG,SAMSUNG,SAMSUNG 5G SM-S938B S25 ULTRA 512GB OTA,71002034,PLATA,"$30,959.14","$34,909.00","$35,999.00",19/06/2025,INDEFINIDO
HANDSET,APPLE,APPLE,APPLE 5G IPHONE 16 PRO 512GB,71000491,DESIERTO,"$31,824.05","$35,889.00","$33,499.00",20/09/2024,INDEFINIDO
HANDSET,APPLE,APPLE,APPLE 5G IPHONE 16 PRO 512GB,71000492,NATURAL,"$31,824.05","$35,889.00","$33,499.00",20/09/2024,INDEFINIDO
HANDSET,APPLE,APPLE,APPLE 5G IPHONE 16 PRO 512GB,71000493,BLANCO,"$31,824.05","$35,889.00","$33,499.00",20/09/2024,INDEFINIDO
HANDSET,APPLE,APPLE,APPLE 5G IPHONE 16 PRO 512GB,71000494,NEGRO,"$31,824.05","$35,889.00","$33,499.00",20/09/2024,INDEFINIDO
HANDSET,APPLE,APPLE,APPLE 5G IPHONE 16 PRO MAX 512GB,71000503,DESIERTO,"$34,199.05","$38,569.00","$35,999.00",20/09/2024,INDEFINIDO
HANDSET,APPLE,APPLE,APPLE 5G IPHONE 16 PRO MAX 512GB,71000504,NATURAL,"$34,199.05","$38,569.00","$35,999.00",20/09/2024,INDEFINIDO
HANDSET,APPLE,APPLE,APPLE 5G IPHONE 16 PRO MAX 512GB,71000505,BLANCO,"$34,199.05","$38,569.00","$35,999.00",20/09/2024,INDEFINIDO
HANDSET,APPLE,APPLE,APPLE 5G IPHONE 16 PRO MAX 512GB,71000506,NEGRO,"$34,199.05","$38,569.00","$35,999.00",20/09/2024,INDEFINIDO
HANDSET,APPLE,APPLE,APPLE 5G IPHONE 16 PRO 1TB,71000495,DESIERTO,"$36,574.05","$41,259.00","$38,499.00",20/09/2024,INDEFINIDO
HANDSET,APPLE,APPLE,APPLE 5G IPHONE 16 PRO 1TB,71000496,NATURAL,"$36,574.05","$41,259.00","$38,499.00",20/09/2024,INDEFINIDO
HANDSET,APPLE,APPLE,APPLE 5G IPHONE 16 PRO 1TB,71000497,BLANCO,"$36,574.05","$41,259.00","$38,499.00",20/09/2024,INDEFINIDO
HANDSET,APPLE,APPLE,APPLE 5G IPHONE 16 PRO 1TB,71000498,NEGRO,"$36,574.05","$41,259.00","$38,499.00",20/09/2024,INDEFINIDO
HANDSET,OPPO,OPPO,OPPO 5G CPH2671 FIND N5 512GB,71001927,BLANCO,"$38,699.14","$43,659.00","$44,999.00",06/03/2025,INDEFINIDO
HANDSET,OPPO,OPPO,OPPO 5G CPH2671 FIND N5 512GB,71001928,NEGRO,"$38,699.14","$43,659.00","$44,999.00",06/03/2025,INDEFINIDO
HANDSET,APPLE,APPLE,APPLE 5G IPHONE 16 PRO MAX 1TB,71000507,DESIERTO,"$38,949.05","$43,939.00","$40,999.00",20/09/2024,INDEFINIDO
HANDSET,APPLE,APPLE,APPLE 5G IPHONE 16 PRO MAX 1TB,71000508,NATURAL,"$38,949.05","$43,939.00","$40,999.00",20/09/2024,INDEFINIDO
HANDSET,APPLE,APPLE,APPLE 5G IPHONE 16 PRO MAX 1TB,71000509,BLANCO,"$38,949.05","$43,939.00","$40,999.00",20/09/2024,INDEFINIDO
HANDSET,APPLE,APPLE,APPLE 5G IPHONE 16 PRO MAX 1TB,71000510,NEGRO,"$38,949.05","$43,939.00","$40,999.00",20/09/2024,INDEFINIDO
HANDSET,SAMSUNG,SAMSUNG,SAMSUNG 5G SM-F956B Z FOLD6 512GB,71000281,AZUL MARINO,"$39,559.14","$44,629.00","$45,999.00",03/07/2025,INDEFINIDO
HANDSET,SAMSUNG,SAMSUNG,SAMSUNG 5G SM-F956B Z FOLD6 512GB,71000282,PLATA,"$39,559.14","$44,629.00","$45,999.00",03/07/2025,INDEFINIDO
HANDSET,SAMSUNG,SAMSUNG,SAMSUNG 5G SM-F956B Z FOLD6 512GB,71000283,ROSA,"$39,559.14","$44,629.00","$45,999.00",03/07/2025,INDEFINIDO
HANDSET,HUAWEI,HUAWEI,HUAWEI 4.5G GRL-LX9 MATE XT 1TB,71002112,ROJO,"$60,199.14","$67,949.00","$69,999.00",17/04/2025,INDEFINIDO
HANDSET,HUAWEI,HUAWEI,HUAWEI 4.5G GRL-LX9 MATE XT 1TB,71002113,NEGRO,"$60,199.14","$67,949.00","$69,999.00",17/04/2025,INDEFINIDO
